﻿<?xml version="1.0" encoding="utf-8"?>
<root>
	<DatabaseInfo Version="1.0.0" LayoutVersion="1.3.0" Name="DC Drive Emulator TET4120" AllowDatabaseTasks="False" />
	<ConfigurationParameters>
		<Parameters>
			<Parameter MappedVariableName="Parameters.System1.percent_Time_interrupt_Warning" Unit="%" Comment="Percentage of sampling time allowed before a warning bit is set" Keywords="" PID="1" Min="0" Max="90" ActualValue="80" DefaultValue="80" Scaling="1" Name="percentage of interrupt used Warning" />
			<Parameter MappedVariableName="Parameters.System1.percent_Time_interrupt_Fault" Unit="%" Comment="Percentage of sampling time used to give a Fault in the Application Layer" Keywords="" PID="2" Min="0" Max="95" ActualValue="90" DefaultValue="90" Scaling="1" Name="percentage of interrupt used Fault" />
			<Parameter MappedVariableName="Parameters.App1.b_IDRun_request" Unit="" Comment="0: No Parameter Identification Run at start-up&#xD;&#xA;1: ID Run at start-up requested" Keywords="" PID="3" Min="0" Max="1" ActualValue="0" DefaultValue="0" Scaling="1" Name="ID Run request" />
			<Parameter MappedVariableName="Parameters.App1.b_PulseTest_request" Unit="" Comment="0: No Pulse-testing of transistors&#xD;&#xA;1: Pulse-testing of transistors required" Keywords="" PID="4" Min="0" Max="1" ActualValue="0" DefaultValue="0" Scaling="1" Name="Pulse Testing" />
			<Parameter MappedVariableName="Parameters.App1.b_Remote_Allowed" Unit="" Comment="0: Remote selection of Control Mode not allowed&#xD;&#xA;1: Remote selection of Control Mode allowed" Keywords="" PID="5" Min="0" Max="1" ActualValue="0" DefaultValue="0" Scaling="1" Name="Remote Allowed" />
			<Parameter MappedVariableName="Parameters.App1.SourceReference" Unit="" Comment="0: Watch View&#xD;&#xA;1: ModBus&#xD;&#xA;2: High Speed Link&#xD;&#xA;3: Display" Keywords="" PID="101" Min="0" Max="1" ActualValue="0" DefaultValue="0" Scaling="1" Name="Reference Source" />
			<Parameter MappedVariableName="Parameters.App1.ControlMode" Unit="" Comment="0: Torque Control&#xD;&#xA;1: Speed Control&#xD;&#xA;2: Power Control&#xD;&#xA;3: DC-link Voltage Control&#xD;&#xA;4: Load Emulator" Keywords="" PID="102" Min="0" Max="4" ActualValue="0" DefaultValue="0" Scaling="1" Name="Control Mode" />
			<Parameter MappedVariableName="Parameters.App1.TorqueRefFilterTimeConstant" Unit="sec" Comment="Time constant of the 1st order reference filter" Keywords="" PID="150" Min="0" Max="200" ActualValue="0" DefaultValue="0.1" Scaling="1" Name="Filter Time constant " />
			<Parameter MappedVariableName="Parameters.App1.TorqueRamp.time_increase" Unit="sec" Comment="Time to increase from 0 to 1pu at 1 pu input signal.&#xD;&#xA;Increase from 0 to either positive or negative value." Keywords="" PID="151" Min="0" Max="100" ActualValue="2" DefaultValue="2" Scaling="1" Name="Ramp Time increase" />
			<Parameter MappedVariableName="Parameters.App1.TorqueRamp.time_decrease" Unit="sec" Comment="Time to decrease from 1 pu value to 0 pu input signal.&#xD;&#xA;the same decrease time used from -1 pu value to 0 pu input signal." Keywords="" PID="152" Min="0" Max="100" ActualValue="1" DefaultValue="1" Scaling="1" Name="Ramp Time decrease" />
			<Parameter MappedVariableName="Parameters.App1.TorqueRamp.deviation_max" Unit="" Comment="If the difference between the output of the ramp-filter and the actual value to be controlled is larger than the Max deviation, the output of the ramp-filter will not change." Keywords="" PID="153" Min="0" Max="3" ActualValue="0.2" DefaultValue="0.1" Scaling="1" Name="Max deviation" />
			<Parameter MappedVariableName="Parameters.App1.TorqueRamp.error_max" Unit="" Comment="If the difference between the input to the ramp-filter and the output of the filter is less than this value, the filter will become a 1st order low pass filter." Keywords="" PID="154" Min="0" Max="1" ActualValue="0.05" DefaultValue="0.05" Scaling="1" Name="Max error" />
			<Parameter MappedVariableName="Parameters.App1.b_Torqueramp_Allowed" Unit="" Comment="0: Torque Ramp function is not allowed to be used (but 1st order low pass)&#xD;&#xA;1: Torque Ramp function is allowed to be used" Keywords="" PID="155" Min="0" Max="1" ActualValue="0" DefaultValue="1" Scaling="1" Name="Torque Ramp Allowed" />
			<Parameter MappedVariableName="Parameters.App1.b_Torqueramp_Fixed_Selected" Unit="" Comment="0: Also 1st order filter can be used&#xD;&#xA;1: Ramp-filter is always chosen if allowed" Keywords="" PID="156" Min="0" Max="1" ActualValue="0" DefaultValue="0" Scaling="1" Name="Torque Ramp Fixed Selected" />
			<Parameter MappedVariableName="Parameters.App1.Torque_max" Unit="pu" Comment="This is the global max limit for the torque.&#xD;&#xA;This limit can be due to gear box/transmissions, etc." Keywords="" PID="157" Min="0" Max="3" ActualValue="1.1" DefaultValue="1.5" Scaling="1" Name="Max Torque" />
			<Parameter MappedVariableName="Parameters.App1.Torque_min" Unit="pu" Comment="Global minimum torque allowed." Keywords="" PID="158" Min="-3" Max="0" ActualValue="-1.15" DefaultValue="-1.5" Scaling="1" Name="Min Torque" />
			<Parameter MappedVariableName="Parameters.App1.SpeedRefFilterTimeConstant" Unit="sec" Comment="Time constant of the 1st order reference filter" Keywords="" PID="200" Min="0" Max="200" ActualValue="0" DefaultValue="0.25" Scaling="1" Name="Speed Filter Time constant" />
			<Parameter MappedVariableName="Parameters.App1.SpeedRamp.time_increase" Unit="sec" Comment="Time to increase from 0 to 1 pu at 1 pu input signal.&#xD;&#xA;Increase from 0 to either positive or negative value.&#xD;&#xA;" Keywords="" PID="201" Min="0" Max="100" ActualValue="5" DefaultValue="5" Scaling="1" Name="Speed Ramp Time increase" />
			<Parameter MappedVariableName="Parameters.App1.SpeedRamp.time_decrease" Unit="sec" Comment="Time to decrease from 1 to 0 pu at 0 pu input signal.&#xD;&#xA;The same  decrease time used  from -1 pu value to 0 input signal." Keywords="" PID="202" Min="0" Max="100" ActualValue="3" DefaultValue="5" Scaling="1" Name="Speed Ramp Time decrease" />
			<Parameter MappedVariableName="Parameters.App1.SpeedRamp.deviation_max" Unit="pu" Comment="If the difference between the output of the ramp-filter and the actual speed is larger than the max deviation, the output of the ramp-filter will not be changed. The integration is stopped." Keywords="" PID="203" Min="0" Max="2" ActualValue="0.1" DefaultValue="0.05" Scaling="1" Name="Max Speed deviation" />
			<Parameter MappedVariableName="Parameters.App1.SpeedRamp.error_max" Unit="pu" Comment="If the difference between the input to the ramp-filter and the output of the filter is less than this Max speed error, the filter will become a 1st order low pass filter." Keywords="" PID="204" Min="0" Max="1" ActualValue="0.02" DefaultValue="0.05" Scaling="1" Name="Max speed error" />
			<Parameter MappedVariableName="Parameters.App1.b_Speedramp_Allowed" Unit="" Comment="0: Speed Ramp filter is not allowed to be used, but a 1st order lowpass filter&#xD;&#xA;1: Speed Ramp filter is allowed to be used" Keywords="" PID="205" Min="0" Max="1" ActualValue="0" DefaultValue="1" Scaling="1" Name="Speed Ramp Allowed" />
			<Parameter MappedVariableName="Parameters.App1.b_Speedramp_Fixed_Selected" Unit="" Comment="0: Also 1st order filter can be selected&#xD;&#xA;1: Ramp-filter is always chosen if allowed" Keywords="" PID="206" Min="0" Max="1" ActualValue="0" DefaultValue="1" Scaling="1" Name="Speed Ramp Fixed Selected" />
			<Parameter MappedVariableName="Parameters.App1.SpeedQuickStopRamp.time_increase" Unit="sec" Comment="Increase time not active during Quick Stop" Keywords="" PID="207" Min="0" Max="100" ActualValue="2" DefaultValue="5" Scaling="1" Name="Quick Stop Ramp Time increase" />
			<Parameter MappedVariableName="Parameters.App1.SpeedQuickStopRamp.time_decrease" Unit="sec" Comment="This is the critical value when stopping the drive by Quick Stop.&#xD;&#xA;This value will usually be short, but is dependent on the load in the actual application." Keywords="" PID="208" Min="0" Max="100" ActualValue="2" DefaultValue="5" Scaling="1" Name="Quick Stop Ramp Time decrease" />
			<Parameter MappedVariableName="Parameters.App1.SpeedQuickStopRamp.deviation_max" Unit="pu" Comment="If the difference between the output of the ramp-filter and the actual speed is larger than this max deviation parameter, the output of the ramp-filter will not change. The integration is stopped." Keywords="" PID="209" Min="0" Max="2" ActualValue="0.2" DefaultValue="0.02" Scaling="1" Name="Quick Stop Max Speed deviation" />
			<Parameter MappedVariableName="Parameters.App1.SpeedQuickStopRamp.error_max" Unit="pu" Comment="If the difference between the input to the ramp-filter and the output of the ramp-filer is less than this Max speed error parameter, the filter will become a 1st order filter." Keywords="" PID="210" Min="0" Max="1" ActualValue="0.02" DefaultValue="0.05" Scaling="1" Name="Quick Stop Max speed error" />
			<Parameter MappedVariableName="Parameters.App1.Speed_Quick_Stop_limit_pu" Unit="pu" Comment="When the absolute value of the actual speed becomes less than this value, the status-bit NOT_QUICK_STOP is set equal TRUE. The Application State Machine the goes automatically from the state  QUICK_STOP_ACTIVE to the state SWITCH_ON_DISABLED." Keywords="" PID="211" Min="0" Max="2" ActualValue="0.03" DefaultValue="0.05" Scaling="1" Name="Stop Quick Stop Speed limit" />
			<Parameter MappedVariableName="Parameters.App1.SpeedController.Kp" Unit="pu" Comment="This is the proportional gain of a PI controller." Keywords="" PID="212" Min="0" Max="100" ActualValue="5" DefaultValue="5" Scaling="1" Name="Gain Kp Speed Controller" />
			<Parameter MappedVariableName="Parameters.App1.SpeedController.Kv" Unit="pu" Comment="Usually equal 0 in the speed controller" Keywords="" PID="213" Min="0" Max="10" ActualValue="0" DefaultValue="0" Scaling="1" Name="Feedforward Gain Kv Speed Controller" />
			<Parameter MappedVariableName="Parameters.App1.SpeedController.Ti" Unit="sec" Comment="This time constant for the PI(D) controller can be calculated based on Symmetrical Optimum or other design rules. The controller parameters are very dependent on the actual application." Keywords="" PID="214" Min="0" Max="100" ActualValue="0.25" DefaultValue="0.25" Scaling="1" Name="Integral Time constant Speed Controller" />
			<Parameter MappedVariableName="Parameters.App1.SpeedController.Ta" Unit="sec" Comment="NOT IN USE in the the controller today, but can be used when going out limitation / Anti-Windup." Keywords="" PID="215" Min="0" Max="10" ActualValue="0.01" DefaultValue="0.01" Scaling="1" Name="Filter Time Speed Controller" />
			<Parameter MappedVariableName="Parameters.App1.PowerRefFilterTimeConstant" Unit="sec" Comment="Time constant of the 1st order filter" Keywords="" PID="250" Min="0" Max="100" ActualValue="0.25" DefaultValue="0.25" Scaling="1" Name="Power Filter Time constant" />
			<Parameter MappedVariableName="Parameters.App1.PowerRamp.time_increase" Unit="sec" Comment="Time to increase from 0 to 1pu at 1 pu input signal.&#xD;&#xA;Increase from 0 to either positive or negative value." Keywords="" PID="251" Min="0" Max="100" ActualValue="5" DefaultValue="5" Scaling="1" Name="Power Ramp Time increase" />
			<Parameter MappedVariableName="Parameters.App1.PowerRamp.time_decrease" Unit="sec" Comment="Time to decrease from 1 pu to 0 pu input signal.&#xD;&#xA;The same decrease time used from -1 pu to 0 pu input signal." Keywords="" PID="252" Min="0" Max="100" ActualValue="3" DefaultValue="5" Scaling="1" Name="Power Ramp Time decrease" />
			<Parameter MappedVariableName="Parameters.App1.PowerRamp.deviation_max" Unit="pu" Comment="If the difference between the output of the ramp-filter and the actual power is larger than the max deviation, the output of the ramp-filter will not change. The integration is stopped." Keywords="" PID="253" Min="0" Max="2" ActualValue="0.05" DefaultValue="0.05" Scaling="1" Name="Max Power deviation" />
			<Parameter MappedVariableName="Parameters.App1.PowerRamp.error_max" Unit="pu" Comment="If the difference between the input and output of the ramp-filter is less than this value, the filter will become a 1st order filter," Keywords="" PID="254" Min="0" Max="1" ActualValue="0.02" DefaultValue="0.05" Scaling="1" Name="Max power error" />
			<Parameter MappedVariableName="Parameters.App1.b_Powerramp_Allowed" Unit="" Comment="0: Power Ramp filter is not allowed to be used, but a 1st order lowpass filter&#xD;&#xA;1: Power Ramp filter is allowed to be used" Keywords="" PID="255" Min="0" Max="1" ActualValue="1" DefaultValue="1" Scaling="1" Name="Power Ramp Allowed" />
			<Parameter MappedVariableName="Parameters.App1.b_Powerramp_Fixed_Selected" Unit="" Comment="0: Also 1st order lowpass filter can be selected&#xD;&#xA;1: Ramp-filter is always selected if allowed" Keywords="" PID="256" Min="0" Max="1" ActualValue="1" DefaultValue="1" Scaling="1" Name="Power Ramp Fixed Selected" />
			<Parameter MappedVariableName="Parameters.App1.Power_max" Unit="pu" Comment="This is the global max limit for the power.&#xD;&#xA;This limitation could be du to input rectifier or limitation in supply." Keywords="" PID="257" Min="0" Max="3" ActualValue="1.3" DefaultValue="1.3" Scaling="1" Name="Max Power" />
			<Parameter MappedVariableName="Parameters.App1.Power_min" Unit="pu" Comment="This is max allowed power into the grid, i.e. from the drive to the supply.&#xD;&#xA;If a diode rectifier is used at the input this may be 0, or a small value if a brake chopper is installed.&#xD;&#xA;it can also be limitations in the power the supply can absorb. " Keywords="" PID="258" Min="-3" Max="0" ActualValue="-1.3" DefaultValue="-1.3" Scaling="1" Name="Min Power" />
			<Parameter MappedVariableName="Parameters.App1.UdcRefFilterTimeConstant" Unit="sec" Comment="Time constant of the 1st order lowpass filter" Keywords="" PID="300" Min="0" Max="100" ActualValue="0.25" DefaultValue="0.25" Scaling="1" Name="Udcref Filter Time constant" />
			<Parameter MappedVariableName="Parameters.App1.UdcRamp.time_increase" Unit="sec" Comment="Time to increase from 0 to 1 pu output at 1 pu input signal.&#xD;&#xA;Increase from 0 to either positive or negative value." Keywords="" PID="301" Min="0" Max="100" ActualValue="5" DefaultValue="5" Scaling="1" Name="Udcref Ramp Time increase" />
			<Parameter MappedVariableName="Parameters.App1.UdcRamp.time_decrease" Unit="sec" Comment="Time to decrease from 1 pu output to 0 pu with a 0 pu input signal.&#xD;&#xA;The same decrease time used from -1 pu to 0 pu." Keywords="" PID="302" Min="0" Max="100" ActualValue="3" DefaultValue="5" Scaling="1" Name="Udcref Ramp Time decrease" />
			<Parameter MappedVariableName="Parameters.App1.UdcRamp.deviation_max" Unit="pu" Comment="If the difference between the output of the ram-filter and the actual dc-link voltage is larger then max deviation, the output of the ramp-filter will not change." Keywords="" PID="303" Min="0" Max="0.1" ActualValue="0.05" DefaultValue="0.05" Scaling="1" Name="Max Udc deviation" />
			<Parameter MappedVariableName="Parameters.App1.UdcRamp.error_max" Unit="pu" Comment="If the difference between the input and output of the ramp-filter is less than this value, the filter will become a 1st order lowpass filter." Keywords="" PID="304" Min="0" Max="0.05" ActualValue="0.02" DefaultValue="0.02" Scaling="1" Name="Max Udcref error" />
			<Parameter MappedVariableName="Parameters.App1.b_Udcramp_Allowed" Unit="" Comment="0: Udcref Ramp filter is not allowed, but a 1st order lowpass filter.&#xD;&#xA;1: Udcref Ramp filter is allowed." Keywords="" PID="305" Min="0" Max="1" ActualValue="1" DefaultValue="1" Scaling="1" Name="Udcref Ramp Allowed" />
			<Parameter MappedVariableName="Parameters.App1.b_Udcramp_Fixed_Selected" Unit="" Comment="0: Also 1st order lowpass filter can be selected&#xD;&#xA;1: Only Ramp-filter is selected if allowed" Keywords="" PID="306" Min="0" Max="1" ActualValue="1" DefaultValue="1" Scaling="1" Name="Udcref Ramp Fixed Selected" />
			<Parameter MappedVariableName="Parameters.App1.b_UDCref_V_extern_selected" Unit="" Comment="0: Internal, i.e. local,  Udcref selected &#xD;&#xA;1: External Udcref from PLC selected" Keywords="" PID="307" Min="0" Max="1" ActualValue="0" DefaultValue="0" Scaling="1" Name="External Udcref Selected" />
			<Parameter MappedVariableName="Parameters.App1.Udc_ref_V_local" Unit="Volt" Comment="Local DC-link voltage reference in Volt" Keywords="" PID="308" Min="0" Max="1200" ActualValue="200" DefaultValue="400" Scaling="1" Name="Local Udcref" />
			<Parameter MappedVariableName="Parameters.App1.Udc_ref_V_Offset" Unit="Volt" Comment="Offset for the voltage reference if offset error in measurements.&#xD;&#xA;This may be needed to be adjusted in case of droop control to have correct sharing of power between units." Keywords="" PID="309" Min="0" Max="50" ActualValue="0" DefaultValue="0" Scaling="1" Name="Udcref Offset" />
			<Parameter MappedVariableName="Parameters.App1.Udcref_V_max" Unit="Volt" Comment="Max allowed DC-link voltage reference" Keywords="" PID="310" Min="50" Max="1200" ActualValue="220" DefaultValue="450" Scaling="1" Name="Max Udcref" />
			<Parameter MappedVariableName="Parameters.App1.Udcref_V_min" Unit="Volt" Comment="Minimum Allowed DC-link Voltage reference " Keywords="" PID="311" Min="50" Max="1200" ActualValue="180" DefaultValue="300" Scaling="1" Name="Min Udcref" />
			<Parameter MappedVariableName="Parameters.App1.PG_ref_pu" Unit="pu" Comment="This is the constant power reference used in the droop correction term in DC-link Voltage droop control.&#xD;&#xA;Usually this value is selected to be zero.&#xD;&#xA;Please note that her positive value is generator power." Keywords="" PID="312" Min="0" Max="1" ActualValue="0.01" DefaultValue="0" Scaling="1" Name="Power Reference" />
			<Parameter MappedVariableName="Parameters.App1.k_droop_PG" Unit="pu" Comment="Droop gain k_droop_PG   in pu. " Keywords="" PID="313" Min="0" Max="0.5" ActualValue="0.03" DefaultValue="0" Scaling="1" Name="Droop gain for power" />
			<Parameter MappedVariableName="Parameters.App1.UdcController.Kp" Unit="pu" Comment="This is the proportional gain in the PI(D)controller" Keywords="" PID="314" Min="0" Max="100" ActualValue="5" DefaultValue="5" Scaling="1" Name="Gain Kp Udc Controller" />
			<Parameter MappedVariableName="Parameters.App1.UdcController.Kv" Unit="pu" Comment="Feedforward term is usually not used in the UDC controller" Keywords="" PID="315" Min="0" Max="10" ActualValue="0" DefaultValue="0" Scaling="1" Name="Feedforward Gain Kv UDC Controller" />
			<Parameter MappedVariableName="Parameters.App1.UdcController.Ti" Unit="sec" Comment="Integral time constant in PI(D) controller. Can be calculated based on modification of Symmetrical Optimum." Keywords="" PID="316" Min="0" Max="10" ActualValue="0.25" DefaultValue="0.25" Scaling="1" Name="Integral Time constant Udc Controller" />
			<Parameter MappedVariableName="Parameters.App1.UdcController.Ta" Unit="sec" Comment="Used when going out of limitation of the controller.&#xD;&#xA;Not in use in this version of the controller." Keywords="" PID="317" Min="0" Max="10" ActualValue="0.025" DefaultValue="0.025" Scaling="1" Name="Filter Time Udc Controller" />
			<Parameter MappedVariableName="Parameters.Drive1.DriveData.Udc_conv1_StartLim_V" Unit="V" Comment="This is the limit for the DC-link voltage in Converter 1 when the Application State Machine is allowed to go to the READY_TO_SWITCH_ON  state" Keywords="" PID="500" Min="0" Max="2000" ActualValue="270" DefaultValue="270" Scaling="1" Name="Udc Start Limit" />
			<Parameter MappedVariableName="Parameters.Drive1.DriveData.Udc_conv2_StartLim_V" Unit="V" Comment="This is the limit for the DC-link voltage in Converter 2 when the Application State machine is allowed to go to the READY_TO_SWITCH_ON state" Keywords="" PID="501" Min="0" Max="2000" ActualValue="270" DefaultValue="270" Scaling="1" Name="Udc2 Start Limit" />
			<Parameter MappedVariableName="Parameters.Drive1.DriveData.Te_max" Unit="pu" Comment="This is the max torque allowed in the drive independent of power, dc-link voltage and speed.&#xD;&#xA;&#xD;&#xA;The reason for this limit could me gear box, max motor torque, etc.&#xD;&#xA;This limit is independent on speed, etc. &#xD;&#xA;Other torque limits can be more restrictive than this limit." Keywords="" PID="510" Min="0" Max="3" ActualValue="1.5" DefaultValue="1.5" Scaling="1" Name="Te_max" />
			<Parameter MappedVariableName="Parameters.Drive1.DriveData.Te_min" Unit="pu" Comment="This is the most negative torque allowed independent on other limiter functions. " Keywords="" PID="511" Min="-3" Max="0" ActualValue="-1.5" DefaultValue="-1.5" Scaling="1" Name="Te_min" />
			<Parameter MappedVariableName="" Unit="sec" Comment="When a torque limit is reduced, that happens instantly. The torque limit is released slowly to avoid oscillations. This is especially important for the DC-link voltage limiter.&#xD;&#xA;&#xD;&#xA;The time slope filter is the ramping time from 0 to 1 pu." Keywords="" PID="512" Min="0.001" Max="10" ActualValue="0.5" DefaultValue="0.5" Scaling="1" Name="Tlim_slope_filter" />
			<Parameter MappedVariableName="Parameters.Drive1.DriveData.Speed_max" Unit="pu" Comment="Positive torque limit Tmax should limit the torque reference used to 0 pu, or even negative, to avoid overspeed. Working i 1st and 4th quadrants in the torque speed plane." Keywords="" PID="520" Min="0" Max="5" ActualValue="1.3" DefaultValue="1.5" Scaling="1" Name="Speed Max" />
			<Parameter MappedVariableName="Parameters.Drive1.DriveData.Speed_min" Unit="pu" Comment="Negative torque limit Tmin should limit the torque reference used to 0 pu, or even positive value, to avoid underspeed. Working in 3rd and 2nd quadrants in the torque speed plane." Keywords="" PID="521" Min="-5" Max="0" ActualValue="-1.3" DefaultValue="-1.5" Scaling="1" Name="Speed Min" />
			<Parameter MappedVariableName="Parameters.Drive1.DriveData.dT_dSpeed" Unit="pu" Comment="This is the slope of the torque limiter function. The function is a straight line with negative slope (minus-sign in the equation). The same slope is used both for Tmin and Tmax -functions." Keywords="" PID="522" Min="0" Max="100" ActualValue="10" DefaultValue="10" Scaling="1" Name="dT_dSpeed_slope" />
			<Parameter MappedVariableName="Parameters.Drive1.DriveData.Udc_max_V" Unit="V" Comment="Used in the torque limiter functions. Converter to pu in the routine. Will limit the braking torque. " Keywords="" PID="530" Min="0" Max="2000" ActualValue="400" DefaultValue="400" Scaling="1" Name="Udc max" />
			<Parameter MappedVariableName="Parameters.Drive1.DriveData.Udc_min_V" Unit="V" Comment="Used in the torque limiter function. Will limit the motoring torque." Keywords="" PID="531" Min="0" Max="2000" ActualValue="150" DefaultValue="150" Scaling="1" Name="Udc min" />
			<Parameter MappedVariableName="Parameters.Drive1.DriveData.dT_dUdc" Unit="pu" Comment="Slope of torque limiter function as function of the DC-link voltage.&#xD;&#xA;&#xD;&#xA;Braking torque is limited towards zero to avoid over-voltage. It can be forced a bit over in motor mode to discharge the dc-link capacitor. The limit is Udc max.&#xD;&#xA;&#xD;&#xA;Motoring torque can be reduced to avoid under-voltage. It can be forced a bit into braking torque to charge/ keep the dc-link voltage. The limit is Udc min.&#xD;&#xA;&#xD;&#xA;&#xD;&#xA;" Keywords="" PID="532" Min="0" Max="100" ActualValue="20" DefaultValue="20" Scaling="1" Name="dT_dUdc slope" />
			<Parameter MappedVariableName="Parameters.Drive1.DriveData.Te_maxUdc" Unit="pu" Comment="This is the maximum torque the generating torque limit can be forced into the motoring torque value." Keywords="" PID="533" Min="0" Max="1" ActualValue="0.2" DefaultValue="0.2" Scaling="1" Name="Te_max Udc" />
			<Parameter MappedVariableName="Parameters.Drive1.DriveData.Te_minUdc" Unit="pu" Comment="This is the minimum torque the motoring torque limit can be forced into generating torque value." Keywords="" PID="534" Min="-1" Max="0" ActualValue="-0.2" DefaultValue="-0.2" Scaling="1" Name="Te_min Udc" />
			<Parameter MappedVariableName="Parameters.Drive1.DriveData.P_max" Unit="pu" Comment="This is the maximum motoring  Power allowed. &#xD;&#xA;This means that, for the actual speed, the torque has to be limited." Keywords="" PID="540" Min="0" Max="2" ActualValue="1.2" DefaultValue="1.2" Scaling="1" Name="P max" />
			<Parameter MappedVariableName="Parameters.Drive1.DriveData.P_min" Unit="pu" Comment="This is the limit for the braking power, i.e. power from the drive to the source. Thus the braking torque has to be limited." Keywords="" PID="541" Min="-2" Max="0" ActualValue="-0.9" DefaultValue="-1" Scaling="1" Name="P min" />
			<Parameter MappedVariableName="Parameters.Drive1.DriveData.Time_SpeedFilter" Unit="s" Comment="Time constant in a 1st order filter for measured/estimated speed." Keywords="" PID="550" Min="0" Max="1" ActualValue="0.003" DefaultValue="0.003" Scaling="1" Name="Time Speed filter" />
			<Parameter MappedVariableName="Parameters.Drive1.DriveData.Factor_Timedelay_armature" Unit="pu" Comment="This factor can be used to change the gain of the PI controller.&#xD;&#xA;&#xD;&#xA;The current controllers are tuned according to Modulus Optimum. This means that the integral time constant of the PI controller is selected to cancel the armature time constant Ta.&#xD;&#xA;&#xD;&#xA;The gain is chosen to give a relative damping of 1/sqrt(2). The formula for the gain is then:&#xD;&#xA;Kp= la/(factorTimeDelay*Tsamp)" Keywords="" PID="560" Min="0.2" Max="50" ActualValue="4" DefaultValue="5" Scaling="1" Name="factor Time delay armature" />
			<Parameter MappedVariableName="Parameters.Drive1.DriveData.Factor_Timedelay_field" Unit="pu" Comment="Kp=Tf/(factorTimeDelay*Tsamp)&#xD;&#xA;&#xD;&#xA;Tf is the time constant of the field winding." Keywords="" PID="561" Min="0" Max="50" ActualValue="4" DefaultValue="5" Scaling="1" Name="factor Time delay field" />
			<Parameter MappedVariableName="Parameters.Drive1.MotorData.Machine_Type" Unit="pu" Comment="Type of machine:&#xD;&#xA;1:   Separately Excited DC machine&#xD;&#xA;2:   3-phase Induction Motor&#xD;&#xA;4:   3-phase Permanent Magnet Machine &#xD;&#xA;8:   Separately Excited Synchronous Machine&#xD;&#xA;16:  6-phase  Permanent Magnet Machine&#xD;&#xA;32:  6-phase Induction Motor" Keywords="" PID="570" Min="1" Max="50" ActualValue="1" DefaultValue="1" Scaling="1" Name="Type of machine" />
			<Parameter MappedVariableName="Parameters.Drive1.MotorData.UaN_V" Unit="V" Comment="Rated armature voltage" Keywords="" PID="571" Min="0" Max="10000" ActualValue="220" DefaultValue="220" Scaling="1" Name="UaN" />
			<Parameter MappedVariableName="Parameters.Drive1.MotorData.IaN_A" Unit="A" Comment="Rated armature current" Keywords="" PID="572" Min="0" Max="10000" ActualValue="51" DefaultValue="51" Scaling="1" Name="IaN" />
			<Parameter MappedVariableName="Parameters.Drive1.MotorData.UfN_V" Unit="V" Comment="The rated voltage is UfN=Rf*IfN.&#xD;&#xA;IfN is the current which gives the voltage EaN in no-load and at rated speed.&#xD;&#xA;&#xD;&#xA;EaN=UaN-Ra*IaN" Keywords="" PID="573" Min="0" Max="10000" ActualValue="182.4" DefaultValue="220" Scaling="1" Name="UfN" />
			<Parameter MappedVariableName="Parameters.Drive1.MotorData.IfN_A" Unit="A" Comment="The field current which gives EaN at rated speed and no-load." Keywords="" PID="574" Min="0" Max="10000" ActualValue="1.6" DefaultValue="1.6" Scaling="1" Name="IfN" />
			<Parameter MappedVariableName="Parameters.Drive1.MotorData.Nn_rpm" Unit="rpm" Comment="Rated mechanical speed i rpm" Keywords="" PID="575" Min="0" Max="20000" ActualValue="2100" DefaultValue="2100" Scaling="1" Name="Nn" />
			<Parameter MappedVariableName="Parameters.Drive1.MotorData.Ra_Ohm" Unit="Ohm" Comment="Ohmic resistance in the armature winding" Keywords="" PID="576" Min="1E-05" Max="1000" ActualValue="0.25" DefaultValue="1.6" Scaling="1" Name="Ra" />
			<Parameter MappedVariableName="Parameters.Drive1.MotorData.La_H" Unit="Henry" Comment="Inductance in the armature winding. Often in the mH or uH range." Keywords="" PID="577" Min="1E-10" Max="100" ActualValue="0.0018" DefaultValue="0.0018" Scaling="1" Name="La" />
			<Parameter MappedVariableName="Parameters.Drive1.MotorData.Tf" Unit="s" Comment="Time constant in the field winding Lf/Rf.   Usually quite large." Keywords="" PID="578" Min="1E-05" Max="100" ActualValue="0.07" DefaultValue="0.07" Scaling="1" Name="Tf" />
			<Parameter MappedVariableName="Parameters.Drive1.MotorData.iamax_pu" Unit="pu" Comment="Max allowed current in the armature winding in pu." Keywords="" PID="579" Min="0" Max="5" ActualValue="1.5" DefaultValue="1.5" Scaling="1" Name="ia max" />
			<Parameter MappedVariableName="Parameters.Drive1.MotorData.ifmax_pu" Unit="pu" Comment="Max allowed current in the field winding in pu.&#xD;&#xA;This only dynamically. &#xD;&#xA;&#xD;&#xA;In practice the current reference will be limited by the flux allowed, while psi_af=if in pu." Keywords="" PID="580" Min="0" Max="10" ActualValue="2" DefaultValue="2" Scaling="1" Name="if max" />
			<Parameter MappedVariableName="Parameters.Converter1.Converter_Topology" Unit="" Comment="This parameter decides how to use the three bridge legs in the converter.&#xD;&#xA;&#xD;&#xA;In this DC drive the value is fixed to 2, which means:&#xD;&#xA;Bridge  less A and B is used as full bridge converter for the armature winding.&#xD;&#xA;Bridge leg C is used as Buck-converter for the field winding.&#xD;&#xA;" Keywords="" PID="600" Min="2" Max="2" ActualValue="2" DefaultValue="2" Scaling="1" Name="Converter Topology" />
			<Parameter MappedVariableName="Parameters.bitPerAmp_Arm" Unit="" Comment="A 12 bit AD-converter is used , The current is both positive and negative.&#xD;&#xA;If Imax [A] to measured is 125 A this factor becomes:&#xD;&#xA;2047/125 =16.376  bit/A" Keywords="" PID="601" Min="0" Max="10000" ActualValue="16.384" DefaultValue="16.384" Scaling="1" Name="bit_pr_Amp Armature" />
			<Parameter MappedVariableName="Parameters.bitPerAmp_Field" Unit="" Comment="If Imax [A] to be measured is 2.5 A, this means:&#xD;&#xA;2047/2.5 = 818.8 bit/A" Keywords="" PID="602" Min="0" Max="10000" ActualValue="819.2" DefaultValue="819.2" Scaling="1" Name="Bit_pr_Amp Fieldwinding" />
			<Parameter MappedVariableName="Parameters.bitPerVolt_dc" Unit="" Comment="If the max voltage to be measured is 400 Vdc, this means:&#xD;&#xA;2047/400= 5.12  bit/V" Keywords="" PID="603" Min="0" Max="10000" ActualValue="5.12" DefaultValue="5.12" Scaling="1" Name="bit_pr_Volt DC-link" />
			<Parameter MappedVariableName="Parameters.Converter1.FWTripp.Ia_A" Unit="A" Comment="This is the trip value used in the FPGA at very high time resolution. This means may be 100-1000 times pr. interrupt of the controller routine., i.e. each time a new AD-result is ready.&#xD;&#xA;&#xD;&#xA;The max value should be LESS that the maximum current that can be measured by the AD-converter:   2047/(bit_pr_Amp)" Keywords="" PID="604" Min="0" Max="124" ActualValue="120" DefaultValue="120" Scaling="1" Name="FW Tripp Ia" />
			<Parameter MappedVariableName="Parameters.Converter1.Fault.Ia_A" Unit="A" Comment="This is the tripp limit, Fault Limit, used in SW. Usually we like to trip the drive for over-current in SW instead of HW. That is why this value is lower that the FW Tripp value." Keywords="" PID="605" Min="0" Max="125" ActualValue="110" DefaultValue="110" Scaling="1" Name="Fault Ia" />
			<Parameter MappedVariableName="Parameters.Converter1.Warning.Ia_A" Unit="A" Comment="This is the warning value of the armature current. If the current is above this value, a warning bit is set in the Warning Word of the converter. When it becomes below this value, the warning bit is cleared.&#xD;&#xA;&#xD;&#xA;This value should be smaller that the Fault value." Keywords="" PID="606" Min="0" Max="125" ActualValue="110" DefaultValue="110" Scaling="1" Name="Warning Ia" />
			<Parameter MappedVariableName="Parameters.Converter1.Limit.Ia_A" Unit="A" Comment="This is the current limit used in the torque limiter chain of the motor drive. To avoid tripping the drive, the torque reference is limited to avoid over-current in the armature converter and motor.&#xD;&#xA;&#xD;&#xA;This value should be lower that tripp/Fault limits and usually less or equal Warning limit." Keywords="" PID="607" Min="0" Max="125" ActualValue="100" DefaultValue="100" Scaling="1" Name="Limit value Ia" />
			<Parameter MappedVariableName="Parameters.Converter1.FWTripp.Ic_A" Unit="A" Comment="As for the armature winding, the FW trip level for the field current has to be below the max measurable field current given by the AD-converter:&#xD;&#xA;2047/(bit_pr_Amp)" Keywords="" PID="608" Min="0" Max="2.5" ActualValue="2.4" DefaultValue="2.4" Scaling="1" Name="FW Tripp If" />
			<Parameter MappedVariableName="Parameters.Converter1.Fault.Ic_A" Unit="A" Comment="This SW trip Fault value should be less than the HW Tripp value." Keywords="" PID="609" Min="0" Max="2.5" ActualValue="2.3" DefaultValue="2.3" Scaling="1" Name="Fault If" />
			<Parameter MappedVariableName="Parameters.Converter1.Warning.Ic_A" Unit="A" Comment="This value should be less than the SW Fault limit. " Keywords="" PID="610" Min="0" Max="2.5" ActualValue="2.1" DefaultValue="2.1" Scaling="1" Name="Warning If" />
			<Parameter MappedVariableName="Parameters.Converter1.Limit.Ic_A" Unit="A" Comment="This limit value should be less than the SW Fault value. This value is used to limit the field current reference value to avoid tripp of the drive and thus get a more robust drive." Keywords="" PID="611" Min="0" Max="2.5" ActualValue="2" DefaultValue="2" Scaling="1" Name="Limit value If" />
			<Parameter MappedVariableName="Parameters.Converter1.FWTripp.Udc_V" Unit="V" Comment="This tripp limit is selected to protect the DC-link capacitors in the drive from over-voltage.  It is, as for current measurements, important to limit the value  within the measurement range of the AD-converter:  2047/(bit_per_V)&#xD;&#xA;" Keywords="" PID="612" Min="0" Max="400" ActualValue="350" DefaultValue="350" Scaling="1" Name="FW Tripp Udc" />
			<Parameter MappedVariableName="Parameters.Converter1.Fault.Udc_min_V" Unit="V" Comment="This is the minimum voltage allowed during ordinary operation. If the DC-link voltage becomes less than this value, a bit in the Converter Fault Word is set an the drive is tripped." Keywords="" PID="613" Min="0" Max="400" ActualValue="150" DefaultValue="150" Scaling="1" Name="Fault Udcmin" />
			<Parameter MappedVariableName="Parameters.Converter1.Warning.Udc_max_V" Unit="V" Comment="A bit in the Converter Warning Word is set if the DC-link voltage is above this value. If the voltage decreases below this value, the bit is cleared." Keywords="" PID="614" Min="0" Max="400" ActualValue="330" DefaultValue="330" Scaling="1" Name="Warning Udcmax" />
			<Parameter MappedVariableName="Parameters.Converter1.Warning.Udc_min_V" Unit="V" Comment="A bit in the Warning Word is set if the DC-link voltage becomes less that this value. This limit should be higher than the Fault Udcmin value." Keywords="" PID="615" Min="0" Max="400" ActualValue="200" DefaultValue="200" Scaling="1" Name="Warning Udcmin" />
			<Parameter MappedVariableName="Parameters.Converter2.Converter_Topology" Unit="" Comment="Converter 2 is NOT USED in this version of the DC drive.&#xD;&#xA;&#xD;&#xA;In some other implementations, the converter 2 can be selected as Full Bridge converter for the field winding, i.e. topology=1." Keywords="" PID="650" Min="1" Max="1" ActualValue="1" DefaultValue="1" Scaling="1" Name="Converter Topology 2" />
			<Parameter MappedVariableName="Parameters.FW1.Emulator.Udc1_V" Unit="V" Comment="The DC-link voltage value for converter 1 used during emulation.&#xD;&#xA;This is the value the DC-link is initialized to. New values can be written to the emulator by help of WatchView during emulation." Keywords="" PID="1500" Min="0" Max="10000" ActualValue="280" DefaultValue="280" Scaling="1" Name="Udc1" />
			<Parameter MappedVariableName="Parameters.FW1.Emulator.Udc2_V" Unit="V" Comment="This is for Converter 2.   In the standard DC software, converter 2 is not in use." Keywords="" PID="1501" Min="0" Max="10000" ActualValue="280" DefaultValue="280" Scaling="1" Name="Udc2" />
			<Parameter MappedVariableName="Parameters.FW1.Emulator.Tm" Unit="s" Comment="This is the mechanical time constant in the pu model at the motor shaft.&#xD;&#xA;&#xD;&#xA;Tm*dn/dt=te-tL                        J*dOmega/dt=Te_TL&#xD;&#xA;&#xD;&#xA;Tm=J*OmegaN^2/Pn   =  (2*H)&#xD;&#xA;&#xD;&#xA;Recall that Tm is based on the total equivalent Inertia, not only the motor." Keywords="" PID="1502" Min="0" Max="10000" ActualValue="2" DefaultValue="2" Scaling="1" Name="Tm" />
			<Parameter MappedVariableName="Parameters.FW1.Emulator.kn" Unit="pu" Comment="This is the constant for a quadratic load:&#xD;&#xA;tL= sign(n)*kn*n^2&#xD;&#xA;&#xD;&#xA;This load is implemented in HW. If SW Emulator is used, this value is set to kn=0." Keywords="" PID="1503" Min="0" Max="1000" ActualValue="0" DefaultValue="1" Scaling="1" Name="kn" />
			<Parameter MappedVariableName="Parameters.Load1.LoadType" Unit="" Comment="0:  Pump&#xD;&#xA;1:  Electric Vehicle&#xD;&#xA;2:  Ship Propulsion&#xD;&#xA;3:  Wind Power&#xD;&#xA;4:  Hydro Power&#xD;&#xA;5:  Elevator" Keywords="" PID="1600" Min="0" Max="5" ActualValue="0" DefaultValue="0" Scaling="1" Name="Type of Load" />
			<Parameter MappedVariableName="Parameters.Load1.Pump.k_L" Unit="Nm/(rpm^2)" Comment="This is the load constant kL in the torque equation for a pump load.&#xD;&#xA;The speed is in rpm.&#xD;&#xA;T_L= sign(speed)*kL*speed^2 [Nm]&#xD;&#xA;" Keywords="" PID="1601" Min="0" Max="100" ActualValue="1.09E-05" DefaultValue="1" Scaling="1" Name="Load Constant" />
			<Parameter MappedVariableName="Parameters.Load1.Pump.t_constant" Unit="Nm" Comment="This is a constant load torque, which can be added to the quadratic load as follows:&#xD;&#xA;tL=sign(speed)*kL*speed^2 + t_constant" Keywords="" PID="1602" Min="-10" Max="10" ActualValue="0" DefaultValue="0" Scaling="1" Name="Constant load" />
			<Parameter MappedVariableName="Parameters.Load1.EV.m" Unit="kg" Comment="" Keywords="" PID="1610" Min="0" Max="50000" ActualValue="1500" DefaultValue="0" Scaling="1" Name="Mass of car" />
			<Parameter MappedVariableName="Parameters.Load1.EV.rho" Unit="kg/m^3" Comment="" Keywords="" PID="1611" Min="0" Max="100" ActualValue="0" DefaultValue="0" Scaling="1" Name="Air density" />
			<Parameter MappedVariableName="Parameters.Load1.EV.G" Unit="m/s^2" Comment="" Keywords="" PID="1612" Min="0" Max="20" ActualValue="9.81" DefaultValue="0" Scaling="1" Name="Gravitation" />
			<Parameter MappedVariableName="Parameters.Load1.EV.r" Unit="m" Comment="" Keywords="" PID="1613" Min="0" Max="1" ActualValue="0.18" DefaultValue="0" Scaling="1" Name="Wheel Radius" />
			<Parameter MappedVariableName="Parameters.Load1.EV.friction" Unit="(unitless)" Comment="" Keywords="" PID="1614" Min="0" Max="5" ActualValue="0.001" DefaultValue="0" Scaling="1" Name="Wheel friction coefficient" />
			<Parameter MappedVariableName="Parameters.Load1.EV.Cw" Unit="(unitless)" Comment="" Keywords="" PID="1615" Min="0" Max="10" ActualValue="0.2" DefaultValue="0" Scaling="1" Name="Air drag coefficient" />
			<Parameter MappedVariableName="Parameters.Load1.EV.A_car" Unit="m^2" Comment="" Keywords="" PID="1616" Min="0" Max="50" ActualValue="4" DefaultValue="0" Scaling="1" Name="Front area of car" />
			<Parameter MappedVariableName="Parameters.Load1.EV.i_gear" Unit="(unitless)" Comment="" Keywords="" PID="1617" Min="0" Max="100" ActualValue="10" DefaultValue="0" Scaling="1" Name="Gear ratio" />
			<Parameter MappedVariableName="Parameters.Load1.EV.gear_efficiency" Unit="(unitless)" Comment="" Keywords="" PID="1618" Min="0" Max="1" ActualValue="1" DefaultValue="0" Scaling="1" Name="Gear efficiency" />
			<Parameter MappedVariableName="Parameters.Load1.EV.velocity_lim_0" Unit="(optional)" Comment="" Keywords="" PID="1619" Min="0" Max="1" ActualValue="0.1" DefaultValue="0" Scaling="1" Name="Optional Parameter 1" />
			<Parameter MappedVariableName="Parameters.Load1.EV.velocity_lim_1" Unit="(optional)" Comment="" Keywords="" PID="1620" Min="0" Max="1" ActualValue="0.2" DefaultValue="0" Scaling="1" Name="Optional Parameter 2" />
			<Parameter MappedVariableName="Parameters.Load1.Elevator.mass_elevator" Unit="kg" Comment="" Keywords="" PID="1621" Min="0" Max="10000" ActualValue="800" DefaultValue="0" Scaling="1" Name="Mass of elevator" />
			<Parameter MappedVariableName="Parameters.Load1.Elevator.mass_load" Unit="kg" Comment="" Keywords="" PID="1622" Min="0" Max="50000" ActualValue="200" DefaultValue="0" Scaling="1" Name="Mass of load" />
			<Parameter MappedVariableName="Parameters.Load1.Elevator.gear_efficiency" Unit="(unitless)" Comment="" Keywords="" PID="1634" Min="0" Max="1" ActualValue="1" DefaultValue="0" Scaling="1" Name="Efficiency gear" />
			<Parameter MappedVariableName="Parameters.Load1.Elevator.i_gear" Unit="(unitless)" Comment="" Keywords="" PID="1635" Min="0" Max="50" ActualValue="12" DefaultValue="0" Scaling="1" Name="Ratio gear" />
			<Parameter MappedVariableName="Parameters.Load1.Elevator.p_0" Unit="" Comment="Additional parameter" Keywords="" PID="1636" Min="0" Max="200" ActualValue="1" DefaultValue="1" Scaling="1" Name="p_0" />
			<Parameter MappedVariableName="Parameters.Load1.Elevator.p_1" Unit="" Comment="Additional parameter" Keywords="" PID="1637" Min="0" Max="300" ActualValue="18" DefaultValue="17" Scaling="1" Name="p_1" />
		</Parameters>
		<ParameterGroups>
			<Group Members="1 2 3 4 5 ">System Parameters</Group>
			<Group Members="101 102 ">Application Layer</Group>
			<Group Members="150 151 152 153 154 155 156 157 158 " Parent="Application Layer">Torque Control</Group>
			<Group Members="200 201 202 203 204 205 206 207 208 209 210 211 212 213 214 215 " Parent="Application Layer">Speed Control</Group>
			<Group Members="250 251 252 253 254 255 256 257 258 " Parent="Application Layer">Power Control</Group>
			<Group Members="300 301 302 303 304 305 306 307 308 309 310 311 312 313 314 315 316 317 " Parent="Application Layer">Udc Control</Group>
			<Group Members="">Drive Layer</Group>
			<Group Members="500 501 " Parent="Drive Layer">DC_link</Group>
			<Group Members="510 511 512 " Parent="Drive Layer">Torque Limiters</Group>
			<Group Members="520 521 522 " Parent="Drive Layer:Torque Limiters">Speed Limits</Group>
			<Group Members="530 531 532 533 534 " Parent="Drive Layer:Torque Limiters">Udc Limits</Group>
			<Group Members="540 541 " Parent="Drive Layer:Torque Limiters">Power Limits</Group>
			<Group Members="550 " Parent="Drive Layer">Speed</Group>
			<Group Members="560 561 " Parent="Drive Layer">Control</Group>
			<Group Members="570 571 572 573 574 575 576 577 578 579 580 " Parent="Drive Layer">Motordata</Group>
			<Group Members="">Converter Layer</Group>
			<Group Members="600 601 602 603 604 605 606 607 608 609 610 611 612 613 614 615 " Parent="Converter Layer">Converter 1</Group>
			<Group Members="650 " Parent="Converter Layer">Converter 2</Group>
			<Group Members="">FirmWare Layer</Group>
			<Group Members="1500 1501 1502 1503 " Parent="FirmWare Layer">FirmWare Emulator</Group>
			<Group Members="1600 " Parent="FirmWare Layer">SW Emulator</Group>
			<Group Members="1601 1602 " Parent="FirmWare Layer:SW Emulator">Pump</Group>
			<Group Members="1610 1611 1612 1613 1614 1615 1616 1617 1618 1619 1620 " Parent="FirmWare Layer:SW Emulator">Electric Vehicle</Group>
			<Group Members="" Parent="FirmWare Layer:SW Emulator">Ship Propulsion</Group>
			<Group Members="" Parent="FirmWare Layer:SW Emulator">Wind Power</Group>
			<Group Members="" Parent="FirmWare Layer:SW Emulator">Hydro Power</Group>
			<Group Members="1621 1622 1634 1635 1636 1637 " Parent="FirmWare Layer:SW Emulator">Elevator</Group>
			<Group Members="" Parent="FirmWare Layer">Encoder</Group>
		</ParameterGroups>
	</ConfigurationParameters>
	<SignalParameters>
		<Parameters>
			<Parameter MappedVariableName="App1.ModBus.WatchDogTime" Unit="us" Comment="The PLC has to update the Watch Dog timer with this value regularly. If updating is stopped, the Watch Dog Timer counts down to zero and gives a Warning or Fault in the Application Fault Word." Keywords="" PID="1000" Min="0" Max="60000" ActualValue="0" DefaultValue="0" Scaling="1" Name="Mod Bus Time" />
			<Parameter MappedVariableName="App1.ModBus.ControlWord" Unit="" Comment="Bit   0:  Switch On&#xD;&#xA;Bit   1:  Voltage Enable&#xD;&#xA;Bit   2:  Not Quick Stop&#xD;&#xA;Bit   3:  Operation Enable&#xD;&#xA;Bit   4:  Ramp Enable&#xD;&#xA;Bit   5:  Ramp Accel&#xD;&#xA;Bit   6:  Enable Set point&#xD;&#xA;Bit   7:  Reset Malfunction&#xD;&#xA;Bit   8:  Reserved&#xD;&#xA;Bit   9:  Reserved&#xD;&#xA;Bit 10:  Remote&#xD;&#xA;Bit 11: Torque Control&#xD;&#xA;Bit 12: Speed Control&#xD;&#xA;Bit 13: Power Control&#xD;&#xA;Bit 14: DC-link Voltage Control&#xD;&#xA;Bit 15: Load Emulator&#xD;&#xA;&#xD;&#xA;" Keywords="" PID="1001" Min="0" Max="65535" ActualValue="0" DefaultValue="0" Scaling="1" Name="Control Word" />
			<Parameter MappedVariableName="App1.ModBus.ControlMode" Unit="" Comment="0:  Torque Control&#xD;&#xA;1:  Speed Control&#xD;&#xA;2:  Power Control&#xD;&#xA;3:  DC-link Voltage Control&#xD;&#xA;4:  Load Emulator" Keywords="" PID="1002" Min="0" Max="4" ActualValue="0" DefaultValue="0" Scaling="1" Name="Control Mode" />
			<Parameter MappedVariableName="App1.ModBus.power_max" Unit="" Comment="Max Power Allowed from Source to the Drive" Keywords="" PID="1003" Min="-32768" Max="32767" ActualValue="0" DefaultValue="0" Scaling="1" Name="Max Power (pu) " />
			<Parameter MappedVariableName="App1.ModBus.power_min" Unit="" Comment="Max Power allowed to be transferred from Drive to the Source.&#xD;&#xA;Power from the Drive to the Source is a negative value." Keywords="" PID="1004" Min="-32768" Max="32767" ActualValue="0" DefaultValue="0" Scaling="1" Name="Min Power (pu)" />
			<Parameter MappedVariableName="App1.ModBus.power_ref" Unit="" Comment="Power Reference in pu x 1000" Keywords="" PID="1005" Min="-32768" Max="32767" ActualValue="0" DefaultValue="0" Scaling="1000" Name="Power Ref (pu)" />
			<Parameter MappedVariableName="App1.ModBus.Udc_V_ref" Unit="" Comment="Udclink Ref (Volt) is equal Udc_V *10.&#xD;&#xA;Udclink Ref (Volt) = 2000 becomes 200.0 V in processor." Keywords="" PID="1006" Min="-32768" Max="32767" ActualValue="0" DefaultValue="0" Scaling="10" Name="Udclink Ref (Volt)" />
			<Parameter MappedVariableName="App1.ModBus.torque_ref" Unit="" Comment="Torque Ref (pu) equal 1000 becomes 1.0 in the processor." Keywords="" PID="1007" Min="-32768" Max="32767" ActualValue="0" DefaultValue="0" Scaling="1000" Name="Torque Ref (pu)" />
			<Parameter MappedVariableName="App1.ModBus.speed_ref" Unit="" Comment="Speed Ref (pu) equal 1000 becomes 1.0 in processor" Keywords="" PID="1008" Min="-32768" Max="32767" ActualValue="0" DefaultValue="0" Scaling="1000" Name="Speed Ref (pu)" />
			<Parameter MappedVariableName="FirmWare1.ConstantTorque" Unit="" Comment="Constant Torque (pu) equal 1000 becomes 1.0 pu in processor.&#xD;&#xA;Not used by the Application Layer, but in the Load Emulator in the FirmWare Layer.&#xD;&#xA;This is constant load parameter to be used in emulator, if enabled by help of a Configuration Parameter." Keywords="" PID="1100" Min="-32768" Max="32767" ActualValue="0" DefaultValue="0" Scaling="1000" Name="Constant Torque (pu)" />
			<Parameter MappedVariableName="App1.m_uStatusWord.all" Unit="" Comment="Bit 01:  Ready To Switch On&#xD;&#xA;" Keywords="" PID="2000" ReadOnly="true" Min="-32768" Max="32767" ActualValue="0" DefaultValue="0" Scaling="1" Name="Application Status Word" />
			<Parameter MappedVariableName="App1.m_uWarningWord.all" Unit="" Comment="Bit 00:  aa" Keywords="" PID="2001" ReadOnly="true" Min="-32768" Max="32767" ActualValue="0" DefaultValue="0" Scaling="1" Name="Application Warning Word" />
			<Parameter MappedVariableName="App1.m_uFaultWord.all" Unit="" Comment="Bit 00:  aa" Keywords="" PID="2002" ReadOnly="true" Min="-32768" Max="32767" ActualValue="0" DefaultValue="0" Scaling="1" Name="Application Fault Word" />
			<Parameter MappedVariableName="App1.m_uLimitWord.all" Unit="" Comment="Bit 00:  limit" Keywords="" PID="2003" ReadOnly="true" Min="-32768" Max="32767" ActualValue="0" DefaultValue="0" Scaling="1" Name="Application Limit Word" />
			<Parameter MappedVariableName="App1.m_state" Unit="" Comment="Not Ready To Switch On          =  0&#xD;&#xA;Switch On Disabled              = 64&#xD;&#xA;Ready To Switch On              = 33&#xD;&#xA;Switched On                     = 35&#xD;&#xA;Operation Enabled               = 39&#xD;&#xA;Quick Stop Active               =  7&#xD;&#xA;Malfunction Reaction Active     = 40&#xD;&#xA;TestRun                         = 48" Keywords="" PID="2004" ReadOnly="true" Min="-32768" Max="32767" ActualValue="0" DefaultValue="0" Scaling="1" Name="Actual Application State" />
			<Parameter MappedVariableName="App1.m_ControlMode" Unit="" Comment="Control Modes.&#xD;&#xA;0:  Torque Control&#xD;&#xA;1:  Speed Control&#xD;&#xA;2:  Power Control&#xD;&#xA;3:  DC-link Voltage Control&#xD;&#xA;4:  Load Emulator" Keywords="" PID="2005" ReadOnly="true" Min="-32768" Max="32767" ActualValue="0" DefaultValue="0" Scaling="1" Name="Actual Control Mode" />
			<Parameter MappedVariableName="" Unit="" Comment="" Keywords="" PID="2006" ReadOnly="true" Min="-32768" Max="32767" ActualValue="0" DefaultValue="0" Scaling="1" Name="Actual Active Power (kW)" />
			<Parameter MappedVariableName="" Unit="" Comment="aa" Keywords="" PID="2007" ReadOnly="true" Min="-32768" Max="32767" ActualValue="0" DefaultValue="0" Scaling="1" Name="Actual Reactive Power  (kVA)" />
			<Parameter MappedVariableName="" Unit="" Comment="aa" Keywords="" PID="2008" ReadOnly="true" Min="-32768" Max="32767" ActualValue="0" DefaultValue="0" Scaling="1" Name="Actual AC Current (A)" />
			<Parameter MappedVariableName="" Unit="" Comment="aaa" Keywords="" PID="2009" ReadOnly="true" Min="-32768" Max="32767" ActualValue="0" DefaultValue="0" Scaling="10" Name="Actual DC-link Voltage (V)" />
			<Parameter MappedVariableName="" Unit="" Comment="nnnn" Keywords="" PID="2010" ReadOnly="true" Min="-32768" Max="32767" ActualValue="0" DefaultValue="0" Scaling="1" Name="Actual Shaft Power (kW)" />
			<Parameter MappedVariableName="" Unit="" Comment="Mechanical Speed of the Motor" Keywords="" PID="2011" ReadOnly="true" Min="-32768" Max="32767" ActualValue="0" DefaultValue="0" Scaling="10" Name="Actual Speed (rpm)" />
			<Parameter MappedVariableName="" Unit="" Comment="Speed of motor in pu." Keywords="" PID="2012" ReadOnly="true" Min="-32768" Max="32767" ActualValue="0" DefaultValue="0" Scaling="1000" Name="Actual Speed (pu)" />
			<Parameter MappedVariableName="" Unit="" Comment="The torque reference after the torque reference limiter function" Keywords="" PID="2013" ReadOnly="true" Min="-32768" Max="32767" ActualValue="0" DefaultValue="0" Scaling="1000" Name="Torque Ref Used (pu)" />
			<Parameter MappedVariableName="" Unit="" Comment="Calculated based on a Motor Model" Keywords="" PID="2014" ReadOnly="true" Min="-32768" Max="32767" ActualValue="0" DefaultValue="0" Scaling="1000" Name="Torque Actual (pu)" />
			<Parameter MappedVariableName="" Unit="" Comment="Can be of interest if some controllers are implemented in the PLC." Keywords="" PID="2015" ReadOnly="true" Min="-32768" Max="32767" ActualValue="0" DefaultValue="0" Scaling="1000" Name="Torque Limit Max Used (pu)" />
			<Parameter MappedVariableName="Drive1.m_te.min_used" Unit="" Comment="Can be of interest if some controllers are implemented in the PLC." Keywords="" PID="2016" ReadOnly="true" Min="-32768" Max="32767" ActualValue="0" DefaultValue="0" Scaling="1000" Name="Torque Limit Min Used (pu)" />
		</Parameters>
		<ParameterGroups>
			<Group Members="1000 1001 1002 1003 1004 1005 1006 1007 1008 1100 ">From PLC</Group>
			<Group Members="2000 2001 2002 2003 2004 2005 2006 2007 2008 2009 2010 2011 2012 2013 2014 2015 2016 ">To PLC</Group>
		</ParameterGroups>
	</SignalParameters>
</root>