﻿<?xml version="1.0" encoding="utf-8"?>
<!--Signal Server Project File-->
<root>
  <ConfigurationFileType>SignalServerProjectFile</ConfigurationFileType>
  <Version>1.2</Version>
  <ProjectName>DC_Emulator_nofilter</ProjectName>
  <UserFolder>
    <Use>True</Use>
    <RootPath>/mnt/sd/Data</RootPath>
    <UseProjectNameAsFolderName>True</UseProjectNameAsFolderName>
    <CustomFolderName>
    </CustomFolderName>
    <DiskSpaceLowLevel>1024</DiskSpaceLowLevel>
    <DiskSpaceCriticalLevel>100</DiskSpaceCriticalLevel>
  </UserFolder>
  <AccessControl>
    <DefaultAccessLevel>developer</DefaultAccessLevel>
  </AccessControl>
  <HardwareMonitorConfigFile>
  </HardwareMonitorConfigFile>
  <EventLog>
    <FolderPath>events</FolderPath>
    <Save2File>False</Save2File>
    <LoadHistory>False</LoadHistory>
    <MaxSize>1000</MaxSize>
    <SendResetFaultCommandAfterBoot>True</SendResetFaultCommandAfterBoot>
    <SendEnableEventMonitoringCommandAfterBoot>True</SendEnableEventMonitoringCommandAfterBoot>
    <SendRunInhibitEnableOnFault>True</SendRunInhibitEnableOnFault>
    <SendClearRunInhibitOnResetFault>True</SendClearRunInhibitOnResetFault>
    <EventAutoDeletion>
      <Enabled>true</Enabled>
      <Interval>3600</Interval>
      <MaxNumberOfEvents>5000</MaxNumberOfEvents>
      <LevelLimits Level="0" Limit="250" />
      <LevelLimits Level="1" Limit="250" />
      <LevelLimits Level="2" Limit="250" />
      <LevelLimits Level="3" Limit="250" />
      <LevelLimits Level="4" Limit="500" />
      <LevelLimits Level="5" Limit="500" />
      <LevelLimits Level="6" Limit="500" />
      <LevelLimits Level="7" Limit="500" />
    </EventAutoDeletion>
  </EventLog>
  <FirmwareFaultLog>
    <FolderPath>fault_logs</FolderPath>
    <AutoReset>True</AutoReset>
    <Disabled>True</Disabled>
  </FirmwareFaultLog>
  <DatabaseSynchronization>
  </DatabaseSynchronization>
  <GlobalBootOptions>FullBootCheck</GlobalBootOptions>
  <TargetBootSequence>Parallel</TargetBootSequence>
  <Targets>
    <Target>
      <Name>LV</Name>
      <Executable>../Application/Motor/L2_Ph3_L2_Ph3_DC_Drive.elf</Executable>
      <DownloadExecutable>True</DownloadExecutable>
      <DatabaseSettings>
        <Database>../Application/Motor/Database_DC_drive_Emulator_TET4120_nofilter.xml</Database>
        <DatabaseBackupFolder />
        <BackupDatabaseBeforeWrite>False</BackupDatabaseBeforeWrite>
        <SaveChangesToDataFolder>True</SaveChangesToDataFolder>
        <DataFolder>motor_db</DataFolder>
      </DatabaseSettings>
      <DisableTimeSynchronization>False</DisableTimeSynchronization>
      <BootOrder>1</BootOrder>
      <LoadFpga>
        <FirmwareFile>../Application/Motor/L2_Ph3_L2_Ph3_DC_Drive.bin</FirmwareFile>
      </LoadFpga>
      <BasicFaultLog>
        <Enabled>false</Enabled>
        <SaveFolder>fw_fault_logs</SaveFolder>
      </BasicFaultLog>
      <Connections>
        <Connection>
          <Name>Motor</Name>
          <ConnectionCheckInterval>10</ConnectionCheckInterval>
          <DownloadProgramAutomatically>True</DownloadProgramAutomatically>
          <DownloadProgramOnConnect>False</DownloadProgramOnConnect>
          <ModbusAccess>True</ModbusAccess>
          <DownloadConfigurationParameters>True</DownloadConfigurationParameters>
          <DisableEventChecking>True</DisableEventChecking>
        </Connection>
      </Connections>
    </Target>
  </Targets>
</root>